CATEGORY,SCHOOL NAME,ADDRESS,CITY,ZIP CODE,PHONE,URL,LONGITUDE,LATITUDE,LOCATION
MIDDLE SCHOOLS,Earle B. Wood MS,14615 Bauer Dr,Rockville,20852,301-460-2150,http://www.montgomeryschoolsmd.org/schools/woodms,-77.1075293636,39.093294956,"14615 Bauer Dr
Rockville, MD 20852
(39.093294956, -77.1075293636)"
MIDDLE SCHOOLS,Parkland MS,4610 W Frankfort Dr,Rockville,20853,301-438-5700,http://www.montgomeryschoolsmd.org/schools/parklandms,-77.0916686732,39.0841517945,"4610 W Frankfort Dr
Rockville, MD 20853
(39.0841517945, -77.0916686732)"
MIDDLE SCHOOLS,Briggs Chaney MS,1901 Rainbow Dr,Silver Spring,20905,301-989-6000,http://www.montgomeryschoolsmd.org/schools/briggschaneyms,-76.9714624882,39.1097896862,"1901 Rainbow Dr
Silver Spring, MD 20905
(39.1097896862, -76.9714624882)"
MIDDLE SCHOOLS,Martin Luther King MS,13737 Wisteria Dr,Germantown,20874,301-353-8080,http://www.montgomeryschoolsmd.org/schools/mlkms,-77.2851000471,39.1809127605,"13737 Wisteria Dr
Germantown, MD 20874
(39.1809127605, -77.2851000471)"
MIDDLE SCHOOLS,Kingsview MS,18909 Kingsview Rd,Germantown,20874,301-601-4611,http://www.montgomeryschoolsmd.org/schools/kingsviewms,-77.2850448312,39.1661607823,"18909 Kingsview Rd
Germantown, MD 20874
(39.1661607823, -77.2850448312)"
MIDDLE SCHOOLS,Argyle MS,2400 Bel Pre Rd,Silver Spring,20906,301-460-2400,http://www.montgomeryschoolsmd.org/schools/argylems,-77.048924226,39.0895212498,"2400 Bel Pre Rd
Silver Spring, MD 20906
(39.0895212498, -77.048924226)"
MIDDLE SCHOOLS,Rocky Hill MS,22401 Brick Haven Way,Clarksburg,20871,301-353-8282,http://www.montgomeryschoolsmd.org/schools/rockyhillms,-77.2634759958,39.2218821148,"22401 Brick Haven Way
Clarksburg, MD 20871
(39.2218821148, -77.2634759958)"
MIDDLE SCHOOLS,Neelsville MS,11700 Neelsville Church Rd,Germantown,20876,301-353-8064,http://www.montgomeryschoolsmd.org/schools/neelsvillems,-77.2405597451,39.1940928847,"11700 Neelsville Church Rd
Germantown, MD 20876
(39.1940928847, -77.2405597451)"
MIDDLE SCHOOLS,John T Baker MS,25400 Oak Dr,Damascus,20872,301-253-7010,http://www.montgomeryschoolsmd.org/schools/bakerms,-77.2187711116,39.2741001904,"25400 Oak Dr
Damascus, MD 20872
(39.2741001904, -77.2187711116)"
MIDDLE SCHOOLS,Thomas W Pyle MS,6311 Wilson La,Bethesda,20817,301-320-6540,http://www.montgomeryschoolsmd.org/schools/pylems,-77.1296136734,38.9888410039,"6311 Wilson La
Bethesda, MD 20817
(38.9888410039, -77.1296136734)"
MIDDLE SCHOOLS,Westland MS,5511 Massachusetts Ave,Bethesda,20816,301-320-6515,http://www.montgomeryschoolsmd.org/schools/westlandms,-77.1089289733,38.9603838716,"5511 Massachusetts Ave
Bethesda, MD 20816
(38.9603838716, -77.1089289733)"
MIDDLE SCHOOLS,North Bethesda MS,8935 Bradmoor Dr,Bethesda,20817,301-571-3883,http://www.montgomeryschoolsmd.org/schools/northbethesdams,-77.1248538896,39.0045827558,"8935 Bradmoor Dr
Bethesda, MD 20817
(39.0045827558, -77.1248538896)"
MIDDLE SCHOOLS,Herbert Hoover MS (Construction),8810 Post Oak Rd,Potomac,20854,301-469-1010,http://www.montgomeryschoolsmd.org/schools/hooverms,-77.1786375804,39.0448587758,"8810 Post Oak Rd
Potomac, MD 20854
(39.0448587758, -77.1786375804)"
MIDDLE SCHOOLS,Tilden MS,11211 Old Georgetown Rd,Rockville,20852,301-230-5930,http://www.montgomeryschoolsmd.org/schools/tildenms,-77.1219142526,39.038258394,"11211 Old Georgetown Rd
Rockville, MD 20852
(39.038258394, -77.1219142526)"
MIDDLE SCHOOLS,Cabin John MS,10701 Gainsborough Rd,Potomac,20854,301-469-1150,http://www.montgomeryschoolsmd.org/schools/cabinjohnms,-77.1720217394,39.0315783821,"10701 Gainsborough Rd
Potomac, MD 20854
(39.0315783821, -77.1720217394)"
MIDDLE SCHOOLS,Takoma Park MS,7611 Piney Branch Rd,Takoma Park,20910,301-650-6444,http://www.montgomeryschoolsmd.org/schools/takomaparkms,-77.0130811462,38.9854294113,"7611 Piney Branch Rd
Takoma Park, MD 20910
(38.9854294113, -77.0130811462)"
MIDDLE SCHOOLS,Silver Spring International MS,313 Wayne Ave,Silver Spring,20910,301-650-6544,http://www.montgomeryschoolsmd.org/schools/ssims,-77.0147746936,39.0005798316,"313 Wayne Ave
Silver Spring, MD 20910
(39.0005798316, -77.0147746936)"
MIDDLE SCHOOLS,Sligo MS,1401 Dennis Ave,Silver Spring,20902,301-649-8121,http://www.montgomeryschoolsmd.org/schools/sligoms,-77.0328776196,39.0267787982,"1401 Dennis Ave
Silver Spring, MD 20902
(39.0267787982, -77.0328776196)"
MIDDLE SCHOOLS,Francis Scott Key MS,910 Schindler Dr,Silver Spring,20903,301-422-5600,http://www.montgomeryschoolsmd.org/schools/fskms,-76.9922116369,39.0276166438,"910 Schindler Dr
Silver Spring, MD 20903
(39.0276166438, -76.9922116369)"
MIDDLE SCHOOLS,Eastern MS,300 E University Blv,Silver Spring,20901,301-650-6650,http://www.montgomeryschoolsmd.org/schools/easternms,-77.0008858418,39.0118461813,"300 E University Blv
Silver Spring, MD 20901
(39.0118461813, -77.0008858418)"
MIDDLE SCHOOLS,Col E Brooke Lee MS,11800 Monticello Ave,Silver Spring,20902,301-649-8100,http://www.montgomeryschoolsmd.org/schools/leems,-77.0307001852,39.0496028325,"11800 Monticello Ave
Silver Spring, MD 20902
(39.0496028325, -77.0307001852)"
MIDDLE SCHOOLS,White Oak MS,12201 New Hampshire Ave,Silver Spring,20904,301-989-5780,http://www.montgomeryschoolsmd.org/schools/whiteoakms,-76.9953329495,39.0565217301,"12201 New Hampshire Ave
Silver Spring, MD 20904
(39.0565217301, -76.9953329495)"
MIDDLE SCHOOLS,Forest Oak MS,651 Saybrooke Oaks Blv,Gaithersburg,20877,301-670-8242,http://www.montgomeryschoolsmd.org/schools/forestoakms,-77.1844656503,39.1535621295,"651 Saybrooke Oaks Blv
Gaithersburg, MD 20877
(39.1535621295, -77.1844656503)"
MIDDLE SCHOOLS,John Poole MS,17014 Tom Fox Ave,Poolesville,20837,301-972-7979,http://www.montgomeryschoolsmd.org/schools/poolems,-77.410844519,39.1260537267,"17014 Tom Fox Ave
Poolesville, MD 20837
(39.1260537267, -77.410844519)"
MIDDLE SCHOOLS,A Mario Loiederman MS,12701 Goodhill Rd,Silver Spring,20906,301-929-2282,http://www.montgomeryschoolsmd.org/schools/loiedermanms,-77.0708351501,39.065306494,"12701 Goodhill Rd
Silver Spring, MD 20906
(39.065306494, -77.0708351501)"
MIDDLE SCHOOLS,Lakelands Park MS,1200 Main St,Gaithersburg,20878,301-670-1400,http://www.montgomeryschoolsmd.org/schools/lakelandsparkms,-77.2329591425,39.115512598,"1200 Main St
Gaithersburg, MD 20878
(39.115512598, -77.2329591425)"
MIDDLE SCHOOLS,Herbert Hoover MS (at Tilden Center),6300 Tilden La,Rockville,20852,301-469-1010,http://www.montgomeryschoolsmd.org/schools/hooverms,-77.1305753352,39.0423221394,"6300 Tilden La
Rockville, MD 20852
(39.0423221394, -77.1305753352)"
MIDDLE SCHOOLS,Benjamin Banneker MS,14800 Perrywood Dr,Burtonsville,20866,301-989-5747,http://www.montgomeryschoolsmd.org/schools/bannekerms,-76.948403246,39.0960860509,"14800 Perrywood Dr
Burtonsville, MD 20866
(39.0960860509, -76.948403246)"
MIDDLE SCHOOLS,William H Farquhar MS,16915 Batchellors Forest Rd,Olney,20832,301-924-3100,http://www.montgomeryschoolsmd.org/schools/farquharms,-77.0450643632,39.134332601,"16915 Batchellors Forest Rd
Olney, MD 20832
(39.134332601, -77.0450643632)"
MIDDLE SCHOOLS,Rosa M Parks MS,19200 Olney Mill Rd,Olney,20832,301-924-3180,http://www.montgomeryschoolsmd.org/schools/rosaparksms,-77.0811949528,39.1719982569,"19200 Olney Mill Rd
Olney, MD 20832
(39.1719982569, -77.0811949528)"
MIDDLE SCHOOLS,Shady Grove MS,8100 Midcounty Hwy,Gaithersburg,20877,301-548-7540,http://www.montgomeryschoolsmd.org/schools/shadygrovems,-77.1626472824,39.1431549327,"8100 Midcounty Hwy
Gaithersburg, MD 20877
(39.1431549327, -77.1626472824)"
MIDDLE SCHOOLS,Redland MS,6505 Muncaster Mill Rd,Rockville,20855,301-840-4680,http://www.montgomeryschoolsmd.org/schools/redlandms,-77.1319130755,39.1405182884,"6505 Muncaster Mill Rd
Rockville, MD 20855
(39.1405182884, -77.1319130755)"
MIDDLE SCHOOLS,Newport Mill MS,11311 Newport Mill Rd,Kensington,20895,301-929-2244,http://www.montgomeryschoolsmd.org/schools/newportmillms,-77.0677974108,39.041512287,"11311 Newport Mill Rd
Kensington, MD 20895
(39.041512287, -77.0677974108)"
MIDDLE SCHOOLS,Gaithersburg MS,2 Teachers Way,Gaithersburg,20877,301-840-4554,http://www.montgomeryschoolsmd.org/schools/gaithersburgms,-77.1875725096,39.1437648079,"2 Teachers Way
Gaithersburg, MD 20877
(39.1437648079, -77.1875725096)"
MIDDLE SCHOOLS,Montgomery Village MS,19300 Watkins Mill Rd,Montgomery Village,20886,301-840-4660,http://www.montgomeryschoolsmd.org/schools/mvms,-77.2094293659,39.1725103244,"19300 Watkins Mill Rd
Montgomery Village, MD 20886
(39.1725103244, -77.2094293659)"
MIDDLE SCHOOLS,Roberto W Clemente MS,18808 Waring Station Rd,Germantown,20874,301-601-0344,http://www.montgomeryschoolsmd.org/schools/clementems,-77.2479808749,39.165823052,"18808 Waring Station Rd
Germantown, MD 20874
(39.165823052, -77.2479808749)"
MIDDLE SCHOOLS,Ridgeview MS,16600 Raven Rock Dr,Gaithersburg,20878,240-406-1300,http://www.montgomeryschoolsmd.org/schools/ridgeviewms,-77.249263077,39.127656608,"16600 Raven Rock Dr
Gaithersburg, MD 20878
(39.127656608, -77.249263077)"
MIDDLE SCHOOLS,Robert Frost MS,9201 Scott Dr,Rockville,20850,301-279-3949,http://www.montgomeryschoolsmd.org/schools/robertfrostms,-77.1876235891,39.0759509206,"9201 Scott Dr
Rockville, MD 20850
(39.0759509206, -77.1876235891)"
MIDDLE SCHOOLS,Julius West MS,651 Great Falls Rd,Rockville,20850,301-279-3979,http://www.montgomeryschoolsmd.org/schools/westms,-77.1638855665,39.0767475193,"651 Great Falls Rd
Rockville, MD 20850
(39.0767475193, -77.1638855665)"
HIGH SCHOOLS,Richard Montgomery HS,250 Richard Montgomery Dr,Rockville,20852,301-610-8000,http://www.montgomeryschoolsmd.org/schools/rmhs,-77.1457297834,39.0772920776,"250 Richard Montgomery Dr
Rockville, MD 20852
(39.0772920776, -77.1457297834)"
HIGH SCHOOLS,Rockville HS,2100 Baltimore Rd,Rockville,20851,301-517-8105,http://www.montgomeryschoolsmd.org/schools/rockvillehs,-77.1182723989,39.0863478113,"2100 Baltimore Rd
Rockville, MD 20851
(39.0863478113, -77.1182723989)"
HIGH SCHOOLS,Northwest HS,13501 Richter Farm Rd,Germantown,20874,301-601-4660,http://www.montgomeryschoolsmd.org/schools/northwesths,-77.2793294162,39.1515925975,"13501 Richter Farm Rd
Germantown, MD 20874
(39.1515925975, -77.2793294162)"
HIGH SCHOOLS,Walter Johnson HS,6400 Rock Spring Dr,Bethesda,20814,301-803-7100,http://www.montgomeryschoolsmd.org/schools/wjhs,-77.1301017226,39.0253918855,"6400 Rock Spring Dr
Bethesda, MD 20814
(39.0253918855, -77.1301017226)"
HIGH SCHOOLS,Montgomery Blair HS,51 E University Blv,Silver Spring,20901,301-649-2800,http://www.mbhs.edu,-77.0124342871,39.0182729296,"51 E University Blv
Silver Spring, MD 20901
(39.0182729296, -77.0124342871)"
HIGH SCHOOLS,Poolesville HS,17501 Willard Rd,Poolesville,20837,301-972-7900,http://www.montgomeryschoolsmd.org/schools/poolesvillehs,-77.4187801451,39.1431033716,"17501 Willard Rd
Poolesville, MD 20837
(39.1431033716, -77.4187801451)"
HIGH SCHOOLS,Watkins Mill HS,10301 Apple Ridge Rd,Gaithersburg,20879,301-840-3959,http://www.montgomeryschoolsmd.org/schools/watkinsmillhs,-77.215836205,39.183966701,"10301 Apple Ridge Rd
Gaithersburg, MD 20879
(39.183966701, -77.215836205)"
HIGH SCHOOLS,Damascus HS,25921 Ridge Rd,Damascus,20872,301-253-7030,http://www.montgomeryschoolsmd.org/schools/damascushs,-77.2100198748,39.2824956463,"25921 Ridge Rd
Damascus, MD 20872
(39.2824956463, -77.2100198748)"
HIGH SCHOOLS,Walt Whitman HS,7100 Whittier Blv,Bethesda,20817,301-320-6600,http://www.montgomeryschoolsmd.org/schools/whitmanhs,-77.1276727865,38.9816307564,"7100 Whittier Blv
Bethesda, MD 20817
(38.9816307564, -77.1276727865)"
HIGH SCHOOLS,Bethesda-Chevy Chase HS,4301 East West Hwy,Bethesda,20814,240-497-6300,http://www.montgomeryschoolsmd.org/schools/bcchs,-77.0889699717,38.9868264765,"4301 East West Hwy
Bethesda, MD 20814
(38.9868264765, -77.0889699717)"
HIGH SCHOOLS,Winston Churchill HS,11300 Gainsborough Rd,Potomac,20854,301-469-1200,http://www.montgomeryschoolsmd.org/schools/churchillhs,-77.1731281364,39.0443047898,"11300 Gainsborough Rd
Potomac, MD 20854
(39.0443047898, -77.1731281364)"
HIGH SCHOOLS,Albert Einstein HS,11135 Newport Mill Rd,Kensington,20895,301-929-2200,http://www.montgomeryschoolsmd.org/schools/einsteinhs,-77.0670360163,39.0396158925,"11135 Newport Mill Rd
Kensington, MD 20895
(39.0396158925, -77.0670360163)"
HIGH SCHOOLS,Wheaton HS,12601 Dalewood Dr,Silver Spring,20906,301-929-2050,http://www.montgomeryschoolsmd.org/schools/wheatonhs,-77.0666690813,39.0613378725,"12601 Dalewood Dr
Silver Spring, MD 20906
(39.0613378725, -77.0666690813)"
HIGH SCHOOLS,John F Kennedy HS,1901 Randolph Rd,Silver Spring,20902,301-929-2100,http://www.montgomeryschoolsmd.org/schools/kennedyhs,-77.039027838,39.0657502712,"1901 Randolph Rd
Silver Spring, MD 20902
(39.0657502712, -77.039027838)"
HIGH SCHOOLS,Springbrook HS,201 Valley Brook Dr,Silver Spring,20904,301-989-5700,http://www.montgomeryschoolsmd.org/schools/springbrookhs,-77.0056814998,39.0578019375,"201 Valley Brook Dr
Silver Spring, MD 20904
(39.0578019375, -77.0056814998)"
HIGH SCHOOLS,Paint Branch HS,14121 Old Columbia Pik,Burtonsville,20866,301-989-5600,http://www.montgomeryschoolsmd.org/schools/paintbranchhs,-76.9471015401,39.0886791828,"14121 Old Columbia Pik
Burtonsville, MD 20866
(39.0886791828, -76.9471015401)"
HIGH SCHOOLS,James Hubert Blake HS,300 Norwood Rd,Silver Spring,20905,301-879-1300,http://www.montgomeryschoolsmd.org/schools/blakehs,-77.0175061321,39.1133304559,"300 Norwood Rd
Silver Spring, MD 20905
(39.1133304559, -77.0175061321)"
HIGH SCHOOLS,Northwood HS,919 University Blv W,Silver Spring,20901,301-649-8088,http://www.montgomeryschoolsmd.org/schools/northwoodhs,-77.0224839838,39.0356942671,"919 University Blv W
Silver Spring, MD 20901
(39.0356942671, -77.0224839838)"
HIGH SCHOOLS,Clarksburg HS,22500 Wims Rd,Clarksburg,20871,301-444-3000,http://www.montgomeryschoolsmd.org/schools/clarksburghs,-77.2655866221,39.225501825,"22500 Wims Rd
Clarksburg, MD 20871
(39.225501825, -77.2655866221)"
HIGH SCHOOLS,Sherwood HS,300 Olney Sandy Spring Rd,Sandy Spring,20860,301-924-3200,http://www.montgomeryschoolsmd.org/schools/sherwoodhs,-77.018771801,39.148342372,"300 Olney Sandy Spring Rd
Sandy Spring, MD 20860
(39.148342372, -77.018771801)"
HIGH SCHOOLS,Col Zadok Magruder HS,5939 Muncaster Mill Rd,Rockville,20855,301-840-4600,http://www.montgomeryschoolsmd.org/schools/magruderhs,-77.1188059149,39.1313109818,"5939 Muncaster Mill Rd
Rockville, MD 20855
(39.1313109818, -77.1188059149)"
HIGH SCHOOLS,Gaithersburg HS,314 S Frederick Ave,Gaithersburg,20877,301-840-4700,http://www.montgomeryschoolsmd.org/schools/gaithsbghs,-77.1954776183,39.1348394458,"314 S Frederick Ave
Gaithersburg, MD 20877
(39.1348394458, -77.1954776183)"
HIGH SCHOOLS,Seneca Valley HS,19401 Crystal Rock Dr,Germantown,20874,301-353-8000,http://www.montgomeryschoolsmd.org/schools/senecavalleyhs,-77.2643319443,39.1750937217,"19401 Crystal Rock Dr
Germantown, MD 20874
(39.1750937217, -77.2643319443)"
HIGH SCHOOLS,Quince Orchard HS,15800 Quince Orchard Rd,Gaithersburg,20878,301-840-4686,http://www.montgomeryschoolsmd.org/schools/qohs,-77.254239085,39.1159327009,"15800 Quince Orchard Rd
Gaithersburg, MD 20878
(39.1159327009, -77.254239085)"
HIGH SCHOOLS,Thomas S Wootton HS,2100 Wootton Pkw,Rockville,20850,301-279-8550,http://www.montgomeryschoolsmd.org/schools/woottonhs,-77.1831974358,39.0765821359,"2100 Wootton Pkw
Rockville, MD 20850
(39.0765821359, -77.1831974358)"
ELEMENTARY SCHOOLS,Dr Sally K Ride ES,21301 Seneca Crossing Dr,Germantown,20876,301-353-0994,http://www.montgomeryschoolsmd.org/schools/ridees,-77.2373667612,39.2068179297,"21301 Seneca Crossing Dr
Germantown, MD 20876
(39.2068179297, -77.2373667612)"
ELEMENTARY SCHOOLS,Capt James E Daly ES,20301 Brandermill Dr,Germantown,20876,301-353-0939,http://www.montgomeryschoolsmd.org/schools/dalyes,-77.232435198,39.1894917072,"20301 Brandermill Dr
Germantown, MD 20876
(39.1894917072, -77.232435198)"
ELEMENTARY SCHOOLS,Waters Landing ES,13100 Waters Landing Dr,Germantown,20874,301-353-0915,http://www.montgomeryschoolsmd.org/schools/waterslandinges,-77.2686132909,39.1886082714,"13100 Waters Landing Dr
Germantown, MD 20874
(39.1886082714, -77.2686132909)"
ELEMENTARY SCHOOLS,Damascus ES,10201 Bethesda Church Rd,Damascus,20872,301-253-7080,http://www.montgomeryschoolsmd.org/schools/damascuses,-77.2110705499,39.285505588,"10201 Bethesda Church Rd
Damascus, MD 20872
(39.285505588, -77.2110705499)"
ELEMENTARY SCHOOLS,Cedar Grove ES,24001 Ridge Rd,Germantown,20876,301-253-7000,http://www.montgomeryschoolsmd.org/schools/cedargrovees,-77.2322649942,39.2493904272,"24001 Ridge Rd
Germantown, MD 20876
(39.2493904272, -77.2322649942)"
ELEMENTARY SCHOOLS,Clearspring ES,9930 Moyer Rd,Damascus,20872,301-253-7004,http://www.montgomeryschoolsmd.org/schools/clearspringes,-77.2073011632,39.265783191,"9930 Moyer Rd
Damascus, MD 20872
(39.265783191, -77.2073011632)"
ELEMENTARY SCHOOLS,Lois P Rockwell ES,24555 Cutsail Dr,Damascus,20872,301-253-7088,http://www.montgomeryschoolsmd.org/schools/rockwelles,-77.2141008476,39.2562232443,"24555 Cutsail Dr
Damascus, MD 20872
(39.2562232443, -77.2141008476)"
ELEMENTARY SCHOOLS,Woodfield ES,24200 Woodfield Rd,Gaithersburg,20879,301-253-7085,http://www.montgomeryschoolsmd.org/schools/woodfieldes,-77.1982813985,39.2527827289,"24200 Woodfield Rd
Gaithersburg, MD 20879
(39.2527827289, -77.1982813985)"
ELEMENTARY SCHOOLS,Clarksburg ES,13530 Redgrave Pl,Clarksburg,20871,301-353-8060,http://www.montgomeryschoolsmd.org/schools/clarksburges,-77.2815170741,39.2368552824,"13530 Redgrave Pl
Clarksburg, MD 20871
(39.2368552824, -77.2815170741)"
ELEMENTARY SCHOOLS,Chevy Chase ES,4015 Rosemary St,Chevy Chase,20815,301-657-4994,http://www.montgomeryschoolsmd.org/schools/chevychasees,-77.0802384598,38.9785671729,"4015 Rosemary St
Chevy Chase, MD 20815
(38.9785671729, -77.0802384598)"
ELEMENTARY SCHOOLS,Bannockburn ES,6520 Dalroy La,Bethesda,20817,301-320-6555,http://www.montgomeryschoolsmd.org/schools/bannockburnes,-77.1383339932,38.974375007,"6520 Dalroy La
Bethesda, MD 20817
(38.974375007, -77.1383339932)"
ELEMENTARY SCHOOLS,Burning Tree ES,7900 Beech Tree Rd,Bethesda,20817,301-320-6510,http://www.montgomeryschoolsmd.org/schools/burningtreees,-77.1433852431,38.9899689499,"7900 Beech Tree Rd
Bethesda, MD 20817
(38.9899689499, -77.1433852431)"
ELEMENTARY SCHOOLS,Wood Acres ES,5800 Cromwell Dr,Bethesda,20816,301-320-6502,http://www.montgomeryschoolsmd.org/schools/woodacreses,-77.1186718959,38.9675865435,"5800 Cromwell Dr
Bethesda, MD 20816
(38.9675865435, -77.1186718959)"
ELEMENTARY SCHOOLS,Somerset ES,5811 Warwick Pl,Chevy Chase,20815,301-657-4985,http://www.montgomeryschoolsmd.org/schools/somersetes,-77.092408162,38.9691922144,"5811 Warwick Pl
Chevy Chase, MD 20815
(38.9691922144, -77.092408162)"
ELEMENTARY SCHOOLS,Westbrook ES,5110 Allan Ter,Bethesda,20816,301-320-6506,http://www.montgomeryschoolsmd.org/schools/westbrookes,-77.1028193264,38.9584710865,"5110 Allan Ter
Bethesda, MD 20816
(38.9584710865, -77.1028193264)"
ELEMENTARY SCHOOLS,Bethesda ES,7600 Arlington Rd,Bethesda,20814,301-657-4979,http://www.montgomeryschoolsmd.org/schools/bethesdaes,-77.0998645245,38.9864595389,"7600 Arlington Rd
Bethesda, MD 20814
(38.9864595389, -77.0998645245)"
ELEMENTARY SCHOOLS,Bradley Hills ES,8701 Hartsdale Ave,Bethesda,20817,301-571-6966,http://www.montgomeryschoolsmd.org/schools/bradleyhillses,-77.118061653,38.9996852991,"8701 Hartsdale Ave
Bethesda, MD 20817
(38.9996852991, -77.118061653)"
ELEMENTARY SCHOOLS,Wayside ES,10011 Glen Rd,Potomac,20854,301-279-8484,http://www.montgomeryschoolsmd.org/schools/waysidees,-77.2061907116,39.0475503295,"10011 Glen Rd
Potomac, MD 20854
(39.0475503295, -77.2061907116)"
ELEMENTARY SCHOOLS,Beverly Farms ES (Construction),8501 Post Oak Rd,Potomac,20854,301-469-1050,http://www.montgomeryschoolsmd.org/schools/beverlyfarmses,-77.1763322374,39.052145262,"8501 Post Oak Rd
Potomac, MD 20854
(39.052145262, -77.1763322374)"
ELEMENTARY SCHOOLS,Ritchie Park ES,1514 Dunster Rd,Rockville,20854,301-279-8475,http://www.montgomeryschoolsmd.org/schools/ritchieparkes,-77.1744365305,39.0631353305,"1514 Dunster Rd
Rockville, MD 20854
(39.0631353305, -77.1744365305)"
ELEMENTARY SCHOOLS,Farmland ES,7000 Old Gate Rd,Rockville,20852,301-230-5919,http://www.montgomeryschoolsmd.org/schools/farmlandes,-77.1452755671,39.0471937956,"7000 Old Gate Rd
Rockville, MD 20852
(39.0471937956, -77.1452755671)"
ELEMENTARY SCHOOLS,Luxmanor ES,6201 Tilden La,Rockville,20852,301-230-5914,http://www.montgomeryschoolsmd.org/schools/luxmanores,-77.1272246138,39.0448713701,"6201 Tilden La
Rockville, MD 20852
(39.0448713701, -77.1272246138)"
ELEMENTARY SCHOOLS,Bells Mill ES,8225 Bells Mill Rd,Potomac,20854,301-469-1046,http://www.montgomeryschoolsmd.org/schools/bellsmilles,-77.1687400874,39.0320119149,"8225 Bells Mill Rd
Potomac, MD 20854
(39.0320119149, -77.1687400874)"
ELEMENTARY SCHOOLS,Potomac ES,10311 River Rd,Potomac,20854,301-469-1042,http://www.montgomeryschoolsmd.org/schools/potomaces,-77.2132952636,39.0216533251,"10311 River Rd
Potomac, MD 20854
(39.0216533251, -77.2132952636)"
ELEMENTARY SCHOOLS,Seven Locks ES (at Radnor Center),7000 Radnor Rd,Bethesda,20817,301-469-1038,http://www.montgomeryschoolsmd.org/schools/sevenlockses,-77.114718632,38.9790958064,"7000 Radnor Rd
Bethesda, MD 20817
(38.9790958064, -77.114718632)"
ELEMENTARY SCHOOLS,Seven Locks ES (Construction),9500 Seven Locks Rd,Bethesda,20817,301-469-1038,http://www.montgomeryschoolsmd.org/schools/sevenlockses,-77.16113969,39.0123627913,"9500 Seven Locks Rd
Bethesda, MD 20817
(39.0123627913, -77.16113969)"
ELEMENTARY SCHOOLS,Ashburton ES,6314 Lone Oak Dr,Bethesda,20817,301-571-6959,http://www.montgomeryschoolsmd.org/schools/ashburtones,-77.1277212211,39.0194442555,"6314 Lone Oak Dr
Bethesda, MD 20817
(39.0194442555, -77.1277212211)"
ELEMENTARY SCHOOLS,Wyngate ES,9300 Wadsworth Dr,Bethesda,20817,301-571-6979,http://www.montgomeryschoolsmd.org/schools/wyngatees,-77.1282437122,39.0093256299,"9300 Wadsworth Dr
Bethesda, MD 20817
(39.0093256299, -77.1282437122)"
ELEMENTARY SCHOOLS,Garrett Park ES (Construction),4810 Oxford St,Garrett Park,20896,301-929-2170,http://www.montgomeryschoolsmd.org/schools/garrettparkes,-77.0965815552,39.0330455094,"4810 Oxford St
Garrett Park, MD 20896
(39.0330455094, -77.0965815552)"
ELEMENTARY SCHOOLS,Kensington Parkwood ES,4710 Saul Rd,Kensington,20895,301-571-6949,http://www.montgomeryschoolsmd.org/schools/parkwoodes,-77.0949119854,39.0217956579,"4710 Saul Rd
Kensington, MD 20895
(39.0217956579, -77.0949119854)"
ELEMENTARY SCHOOLS,Rock Creek Forest ES,8330 Grubb Rd,Chevy Chase,20815,301-650-6410,http://www.montgomeryschoolsmd.org/schools/rcforestes,-77.0512978748,38.9922962885,"8330 Grubb Rd
Chevy Chase, MD 20815
(38.9922962885, -77.0512978748)"
ELEMENTARY SCHOOLS,Woodlin ES,2101 Luzerne Ave,Silver Spring,20910,301-650-6440,http://www.montgomeryschoolsmd.org/schools/woodlines,-77.0467716274,39.0065373884,"2101 Luzerne Ave
Silver Spring, MD 20910
(39.0065373884, -77.0467716274)"
ELEMENTARY SCHOOLS,Rosemary Hills ES,2111 Porter Rd,Silver Spring,20910,301-650-6400,http://www.montgomeryschoolsmd.org/schools/rosemaryhillses,-77.0451517607,39.0013306373,"2111 Porter Rd
Silver Spring, MD 20910
(39.0013306373, -77.0451517607)"
ELEMENTARY SCHOOLS,Piney Branch ES,7510 Maple Ave,Takoma Park,20912,301-891-8000,http://www.montgomeryschoolsmd.org/schools/pineybranches,-77.0093788825,38.9821316553,"7510 Maple Ave
Takoma Park, MD 20912
(38.9821316553, -77.0093788825)"
ELEMENTARY SCHOOLS,East Silver Spring ES,631 Silver Spring Ave,Silver Spring,20910,301-650-6420,http://www.montgomeryschoolsmd.org/schools/eastsilverspringes,-77.0152105919,38.9923950104,"631 Silver Spring Ave
Silver Spring, MD 20910
(38.9923950104, -77.0152105919)"
ELEMENTARY SCHOOLS,Takoma Park ES,7511 Holly Ave,Takoma Park,20912,301-650-6414,http://www.montgomeryschoolsmd.org/schools/takomaparkes,-77.0124148794,38.9826597502,"7511 Holly Ave
Takoma Park, MD 20912
(38.9826597502, -77.0124148794)"
ELEMENTARY SCHOOLS,North Chevy Chase ES,3700 Jones Bridge Rd,Chevy Chase,20815,301-657-4950,http://www.montgomeryschoolsmd.org/schools/nchevychasees,-77.073432352,38.9987705251,"3700 Jones Bridge Rd
Chevy Chase, MD 20815
(38.9987705251, -77.073432352)"
ELEMENTARY SCHOOLS,Pine Crest ES,201 Woodmoor Dr,Silver Spring,20901,301-649-8066,http://www.montgomeryschoolsmd.org/schools/pinecrestes,-77.0050375472,39.0213110705,"201 Woodmoor Dr
Silver Spring, MD 20901
(39.0213110705, -77.0050375472)"
ELEMENTARY SCHOOLS,Cresthaven ES,1234 Cresthaven Dr,Silver Spring,20903,301-431-7622,http://www.montgomeryschoolsmd.org/schools/cresthavenes,-76.9876315723,39.0274886611,"1234 Cresthaven Dr
Silver Spring, MD 20903
(39.0274886611, -76.9876315723)"
ELEMENTARY SCHOOLS,Oak View ES,400 E Wayne Ave,Silver Spring,20901,301-650-6434,http://www.montgomeryschoolsmd.org/schools/oakviewes,-77.0024156168,39.0045260505,"400 E Wayne Ave
Silver Spring, MD 20901
(39.0045260505, -77.0024156168)"
ELEMENTARY SCHOOLS,Highland View ES,9010 Providence Ave,Silver Spring,20901,301-650-6426,http://www.montgomeryschoolsmd.org/schools/highlandviewes,-77.0103578619,39.0042511332,"9010 Providence Ave
Silver Spring, MD 20901
(39.0042511332, -77.0103578619)"
ELEMENTARY SCHOOLS,Montgomery Knolls ES,807 Daleview Dr,Silver Spring,20901,301-431-7667,http://www.montgomeryschoolsmd.org/schools/knollses,-76.9931786787,39.0057482268,"807 Daleview Dr
Silver Spring, MD 20901
(39.0057482268, -76.9931786787)"
ELEMENTARY SCHOOLS,Broad Acres ES,710 Beacon Rd,Silver Spring,20903,301-431-7616,http://www.montgomeryschoolsmd.org/schools/broadacreses,-76.9851884399,39.0093594505,"710 Beacon Rd
Silver Spring, MD 20903
(39.0093594505, -76.9851884399)"
ELEMENTARY SCHOOLS,New Hampshire Estates ES,8720 Carroll Ave,Silver Spring,20903,301-431-7607,http://www.montgomeryschoolsmd.org/schools/nhees,-76.9923045793,38.9981968148,"8720 Carroll Ave
Silver Spring, MD 20903
(38.9981968148, -76.9923045793)"
ELEMENTARY SCHOOLS,Rolling Terrace ES,705 Bayfield St,Takoma Park,20912,301-431-7600,http://www.montgomeryschoolsmd.org/schools/rollinges,-76.9972611451,38.995168098,"705 Bayfield St
Takoma Park, MD 20912
(38.995168098, -76.9972611451)"
ELEMENTARY SCHOOLS,Highland ES,3100 Medway St,Silver Spring,20902,301-929-2040,http://www.montgomeryschoolsmd.org/schools/highlandes,-77.0639085292,39.0511227,"3100 Medway St
Silver Spring, MD 20902
(39.0511227, -77.0639085292)"
ELEMENTARY SCHOOLS,Oakland Terrace ES,2720 Plyers Mill Rd,Silver Spring,20902,301-929-2161,http://www.montgomeryschoolsmd.org/schools/oaklandes,-77.0573923387,39.0286194203,"2720 Plyers Mill Rd
Silver Spring, MD 20902
(39.0286194203, -77.0573923387)"
ELEMENTARY SCHOOLS,Rock View ES,3901 Denfeld Ave,Kensington,20895,301-929-2002,http://www.montgomeryschoolsmd.org/schools/rockviewes,-77.0769950641,39.0395140953,"3901 Denfeld Ave
Kensington, MD 20895
(39.0395140953, -77.0769950641)"
ELEMENTARY SCHOOLS,Viers Mill ES,11711 Joseph Mill Rd,Silver Spring,20906,301-929-2165,http://www.montgomeryschoolsmd.org/schools/viersmilles,-77.0852891291,39.048502748,"11711 Joseph Mill Rd
Silver Spring, MD 20906
(39.048502748, -77.0852891291)"
ELEMENTARY SCHOOLS,Wheaton Woods ES,4510 Faroe Pl,Rockville,20853,301-929-2018,http://www.montgomeryschoolsmd.org/schools/wheatonwoodses,-77.0902208543,39.0682491425,"4510 Faroe Pl
Rockville, MD 20853
(39.0682491425, -77.0902208543)"
ELEMENTARY SCHOOLS,Weller Road ES,3301 Weller Rd,Silver Spring,20906,301-929-2010,http://www.montgomeryschoolsmd.org/schools/wellerroades,-77.06706298,39.0654368354,"3301 Weller Rd
Silver Spring, MD 20906
(39.0654368354, -77.06706298)"
ELEMENTARY SCHOOLS,Georgian Forest ES,3100 Regina Dr,Silver Spring,20906,301-460-2170,http://www.montgomeryschoolsmd.org/schools/georgianforestes,-77.0614546922,39.0756428629,"3100 Regina Dr
Silver Spring, MD 20906
(39.0756428629, -77.0614546922)"
ELEMENTARY SCHOOLS,Harmony Hills ES,13407 Lydia St,Silver Spring,20906,301-929-2157,http://www.montgomeryschoolsmd.org/schools/harmonyhillses,-77.0761131795,39.0766059586,"13407 Lydia St
Silver Spring, MD 20906
(39.0766059586, -77.0761131795)"
ELEMENTARY SCHOOLS,Bel Pre ES,13801 Rippling Brook Dr,Silver Spring,20906,301-460-2145,http://www.montgomeryschoolsmd.org/schools/belprees,-77.0547238659,39.0816042674,"13801 Rippling Brook Dr
Silver Spring, MD 20906
(39.0816042674, -77.0547238659)"
ELEMENTARY SCHOOLS,Glen Haven ES,10900 Inwood Ave,Silver Spring,20902,301-649-8051,http://www.montgomeryschoolsmd.org/schools/glenhavenes,-77.0370393611,39.0338425388,"10900 Inwood Ave
Silver Spring, MD 20902
(39.0338425388, -77.0370393611)"
ELEMENTARY SCHOOLS,Kemp Mill ES,411 Sisson St,Silver Spring,20902,301-649-8046,http://www.montgomeryschoolsmd.org/schools/kempmilles,-77.0170471225,39.0436381558,"411 Sisson St
Silver Spring, MD 20902
(39.0436381558, -77.0170471225)"
ELEMENTARY SCHOOLS,Burnt Mills ES,11211 Childs St,Silver Spring,20901,301-649-8192,http://www.montgomeryschoolsmd.org/schools/burntmillses,-77.0017610753,39.0394753102,"11211 Childs St
Silver Spring, MD 20901
(39.0394753102, -77.0017610753)"
ELEMENTARY SCHOOLS,Forest Knolls ES,10830 Eastwood Ave,Silver Spring,20901,301-649-8060,http://www.montgomeryschoolsmd.org/schools/forestknollses,-77.0204193723,39.0333104381,"10830 Eastwood Ave
Silver Spring, MD 20901
(39.0333104381, -77.0204193723)"
ELEMENTARY SCHOOLS,Glenallan ES,12520 Heurich Rd,Silver Spring,20902,301-929-2014,http://www.montgomeryschoolsmd.org/schools/glenallanes,-77.0413621208,39.0613561538,"12520 Heurich Rd
Silver Spring, MD 20902
(39.0613561538, -77.0413621208)"
ELEMENTARY SCHOOLS,Westover ES,401 Hawkesbury La,Silver Spring,20904,301-989-5676,http://www.montgomeryschoolsmd.org/schools/westoveres,-77.0180223922,39.0748642774,"401 Hawkesbury La
Silver Spring, MD 20904
(39.0748642774, -77.0180223922)"
ELEMENTARY SCHOOLS,Cannon Road ES (Construction),901 Cannon Rd,Silver Spring,20904,301-989-5662,http://www.montgomeryschoolsmd.org/schools/cannonroades,-76.9941729238,39.0687671595,"901 Cannon Rd
Silver Spring, MD 20904
(39.0687671595, -76.9941729238)"
ELEMENTARY SCHOOLS,William T Page ES,13400 Tamarack Rd,Silver Spring,20904,301-989-5672,http://www.montgomeryschoolsmd.org/schools/pagees,-76.9835905797,39.0749086167,"13400 Tamarack Rd
Silver Spring, MD 20904
(39.0749086167, -76.9835905797)"
ELEMENTARY SCHOOLS,Jackson Road ES,900 Jackson Rd,Silver Spring,20904,301-989-5650,http://www.montgomeryschoolsmd.org/schools/jacksonroades,-76.9918070316,39.0564225207,"900 Jackson Rd
Silver Spring, MD 20904
(39.0564225207, -76.9918070316)"
ELEMENTARY SCHOOLS,Galway ES,12612 Galway Dr,Silver Spring,20904,301-595-2930,http://www.montgomeryschoolsmd.org/schools/galwayes,-76.9463103201,39.0639572983,"12612 Galway Dr
Silver Spring, MD 20904
(39.0639572983, -76.9463103201)"
ELEMENTARY SCHOOLS,Greencastle ES,13611 Robey Rd,Silver Spring,20904,301-595-2940,http://www.montgomeryschoolsmd.org/schools/greencastlees,-76.9417549222,39.0804194508,"13611 Robey Rd
Silver Spring, MD 20904
(39.0804194508, -76.9417549222)"
ELEMENTARY SCHOOLS,Fairland ES,14315 Fairdale Rd,Silver Spring,20905,301-989-5658,http://www.montgomeryschoolsmd.org/schools/fairlandes,-76.9561706003,39.0906439188,"14315 Fairdale Rd
Silver Spring, MD 20905
(39.0906439188, -76.9561706003)"
ELEMENTARY SCHOOLS,Spark M Matsunaga ES,13902 Bromfield Road,Germantown,20874,301-601-4350,http://www.montgomeryschoolsmd.org/schools/matsunagaes,-77.2927303852,39.1507070468,"13902 Bromfield Road
Germantown, MD 20874
(39.1507070468, -77.2927303852)"
ELEMENTARY SCHOOLS,Sligo Creek ES,500 Schuyler Rd,Silver Spring,20910,301-562-2722,http://www.montgomeryschoolsmd.org/schools/sligocreekes,-77.0157924626,39.0004315169,"500 Schuyler Rd
Silver Spring, MD 20910
(39.0004315169, -77.0157924626)"
ELEMENTARY SCHOOLS,Lakewood ES,2534 Lindley Ter,Rockville,20853,301-279-8465,http://www.montgomeryschoolsmd.org/schools/lakewoodes,-77.1940772943,39.0879540935,"2534 Lindley Ter
Rockville, MD 20853
(39.0879540935, -77.1940772943)"
ELEMENTARY SCHOOLS,Cold Spring ES,9201 Falls Chapel Way,Potomac,20854,301-279-8480,http://www.montgomeryschoolsmd.org/schools/coldspringes,-77.1888641311,39.0592190026,"9201 Falls Chapel Way
Potomac, MD 20854
(39.0592190026, -77.1888641311)"
ELEMENTARY SCHOOLS,Burtonsville ES,15516 Old Columbia Pik,Burtonsville,20866,301-989-5654,http://www.montgomeryschoolsmd.org/schools/burtonsvillees,-76.9364158921,39.1113736951,"15516 Old Columbia Pik
Burtonsville, MD 20866
(39.1113736951, -76.9364158921)"
ELEMENTARY SCHOOLS,Stonegate ES,14811 Notley Rd,Silver Spring,20904,301-989-5668,http://www.montgomeryschoolsmd.org/schools/stonegatees,-77.0157475178,39.0995467662,"14811 Notley Rd
Silver Spring, MD 20904
(39.0995467662, -77.0157475178)"
ELEMENTARY SCHOOLS,Cloverly ES,800 Briggs Chaney Rd,Silver Spring,20904,301-989-5770,http://www.montgomeryschoolsmd.org/schools/cloverlyes,-76.9942569561,39.1076890075,"800 Briggs Chaney Rd
Silver Spring, MD 20904
(39.1076890075, -76.9942569561)"
ELEMENTARY SCHOOLS,Dr Charles R Drew ES,1200 Swingingdale Dr,Silver Spring,20905,301-989-6030,http://www.montgomeryschoolsmd.org/schools/drewes,-76.9871082262,39.0916281714,"1200 Swingingdale Dr
Silver Spring, MD 20905
(39.0916281714, -76.9871082262)"
ELEMENTARY SCHOOLS,Sherwood ES,1401 Olney Sandy Spring Rd,Sandy Spring,20860,301-924-3195,http://www.montgomeryschoolsmd.org/schools/sherwoodes,-77.0331164576,39.1495841588,"1401 Olney Sandy Spring Rd
Sandy Spring, MD 20860
(39.1495841588, -77.0331164576)"
ELEMENTARY SCHOOLS,Brooke Grove ES,2700 Spartan Rd,Olney,20832,301-924-3154,http://www.montgomeryschoolsmd.org/schools/brookegrovees,-77.0505720393,39.1568438213,"2700 Spartan Rd
Olney, MD 20832
(39.1568438213, -77.0505720393)"
ELEMENTARY SCHOOLS,Olney ES,3401 Queen Mary Dr,Olney,20832,301-924-3126,http://www.montgomeryschoolsmd.org/schools/olneyes,-77.0682809714,39.1492298699,"3401 Queen Mary Dr
Olney, MD 20832
(39.1492298699, -77.0682809714)"
ELEMENTARY SCHOOLS,Belmont ES,19528 Olney Mill Rd,Olney,20832,301-924-3140,http://www.montgomeryschoolsmd.org/schools/belmontes,-77.0668029032,39.1785814737,"19528 Olney Mill Rd
Olney, MD 20832
(39.1785814737, -77.0668029032)"
ELEMENTARY SCHOOLS,Cashell ES,17101 Cashell Rd,Rockville,20853,301-924-3130,http://www.montgomeryschoolsmd.org/schools/cashelles,-77.0859177884,39.1373140735,"17101 Cashell Rd
Rockville, MD 20853
(39.1373140735, -77.0859177884)"
ELEMENTARY SCHOOLS,Greenwood ES,3336 Gold Mine Rd,Brookeville,20833,301-924-3145,http://www.montgomeryschoolsmd.org/schools/greenwoodes,-77.0647632594,39.1652320194,"3336 Gold Mine Rd
Brookeville, MD 20833
(39.1652320194, -77.0647632594)"
ELEMENTARY SCHOOLS,Mill Creek Towne ES,17700 Park Mill Dr,Rockville,20855,301-840-7149,http://www.montgomeryschoolsmd.org/schools/mctes,-77.1538014464,39.146421794,"17700 Park Mill Dr
Rockville, MD 20855
(39.146421794, -77.1538014464)"
ELEMENTARY SCHOOLS,Candlewood ES,7210 Osprey Dr,Rockville,20855,301-840-7167,http://www.montgomeryschoolsmd.org/schools/candlewoodes/,-77.1470003793,39.1290023776,"7210 Osprey Dr
Rockville, MD 20855
(39.1290023776, -77.1470003793)"
ELEMENTARY SCHOOLS,Sequoyah ES,17301 Bowie Mill Rd,Derwood,20855,301-840-5335,http://www.montgomeryschoolsmd.org/schools/sequoyahes,-77.1177456873,39.1392853217,"17301 Bowie Mill Rd
Derwood, MD 20855
(39.1392853217, -77.1177456873)"
ELEMENTARY SCHOOLS,Rosemont ES,16400 Alden Ave,Gaithersburg,20877,301-840-7123,http://www.montgomeryschoolsmd.org/schools/rosemontes,-77.1852514951,39.1251152677,"16400 Alden Ave
Gaithersburg, MD 20877
(39.1251152677, -77.1852514951)"
ELEMENTARY SCHOOLS,Summit Hall ES,101 W Deer Park Rd,Gaithersburg,20877,301-840-7127,http://www.montgomeryschoolsmd.org/schools/summithalles,-77.195457283,39.127282494,"101 W Deer Park Rd
Gaithersburg, MD 20877
(39.127282494, -77.195457283)"
ELEMENTARY SCHOOLS,Washington Grove ES,8712 Oakmont St,Gaithersburg,20877,301-840-7120,http://www.montgomeryschoolsmd.org/schools/washingtongrovees,-77.1777402319,39.1324887754,"8712 Oakmont St
Gaithersburg, MD 20877
(39.1324887754, -77.1777402319)"
ELEMENTARY SCHOOLS,Gaithersburg ES,35 N Summit Ave,Gaithersburg,20877,301-840-7136,http://www.montgomeryschoolsmd.org/schools/gaithersburges,-77.1920511474,39.1435715404,"35 N Summit Ave
Gaithersburg, MD 20877
(39.1435715404, -77.1920511474)"
ELEMENTARY SCHOOLS,Whetstone ES,19201 Thomas Farm Dr,Gaithersburg,20879,301-840-7191,http://www.montgomeryschoolsmd.org/schools/whetstonees,-77.1969947933,39.1718688083,"19201 Thomas Farm Dr
Gaithersburg, MD 20879
(39.1718688083, -77.1969947933)"
ELEMENTARY SCHOOLS,South Lake ES,18201 Contour Rd,Gaithersburg,20877,301-840-7141,http://www.montgomeryschoolsmd.org/schools/southlakees,-77.1969833619,39.1558163309,"18201 Contour Rd
Gaithersburg, MD 20877
(39.1558163309, -77.1969833619)"
ELEMENTARY SCHOOLS,Watkins Mill ES,19001 Watkins Mill Rd,Montgomery Village,20886,301-840-7181,http://www.montgomeryschoolsmd.org/schools/watkinsmilles,-77.2110251862,39.1672209879,"19001 Watkins Mill Rd
Montgomery Village, MD 20886
(39.1672209879, -77.2110251862)"
ELEMENTARY SCHOOLS,Strawberry Knoll ES,18820 Strawberry Knoll Rd,Gaithersburg,20879,301-840-7112,http://www.montgomeryschoolsmd.org/schools/strawberryknolles,-77.1825348422,39.1658673386,"18820 Strawberry Knoll Rd
Gaithersburg, MD 20879
(39.1658673386, -77.1825348422)"
ELEMENTARY SCHOOLS,Flower Hill ES,18425 Flower Hill Way,Gaithersburg,20879,301-840-7161,http://www.montgomeryschoolsmd.org/schools/flowerhilles,-77.1713034798,39.1590075849,"18425 Flower Hill Way
Gaithersburg, MD 20879
(39.1590075849, -77.1713034798)"
ELEMENTARY SCHOOLS,Stedwick ES,10631 Stedwick Rd,Montgomery Village,20886,301-840-7187,http://www.montgomeryschoolsmd.org/schools/stedwickes,-77.2111923449,39.1743636993,"10631 Stedwick Rd
Montgomery Village, MD 20886
(39.1743636993, -77.2111923449)"
ELEMENTARY SCHOOLS,S Christa Mcauliffe ES,12500 Wisteria Dr,Germantown,20874,301-353-0910,http://www.montgomeryschoolsmd.org/schools/mcauliffees,-77.2609323153,39.167507691,"12500 Wisteria Dr
Germantown, MD 20874
(39.167507691, -77.2609323153)"
ELEMENTARY SCHOOLS,Fox Chapel ES,19315 Archdale Rd,Germantown,20876,301-353-8055,http://www.montgomeryschoolsmd.org/schools/foxchapeles,-77.2421897485,39.1722018594,"19315 Archdale Rd
Germantown, MD 20876
(39.1722018594, -77.2421897485)"
ELEMENTARY SCHOOLS,Thurgood Marshall ES,12260 McDonald Chapel Dr,Gaithersburg,20878,301-670-8282,http://www.montgomeryschoolsmd.org/schools/thurgoodmarshalles,-77.2598691505,39.1262200858,"12260 McDonald Chapel Dr
Gaithersburg, MD 20878
(39.1262200858, -77.2598691505)"
ELEMENTARY SCHOOLS,Diamond ES,4 Marquis Dr,Gaithersburg,20878,301-840-7177,http://www.montgomeryschoolsmd.org/schools/diamondes,-77.2389185172,39.1357087649,"4 Marquis Dr
Gaithersburg, MD 20878
(39.1357087649, -77.2389185172)"
ELEMENTARY SCHOOLS,Brown Station ES,851 Quince Orchard Blv,Gaithersburg,20878,301-840-7172,http://www.montgomeryschoolsmd.org/schools/brownstationes,-77.2307127305,39.1388830108,"851 Quince Orchard Blv
Gaithersburg, MD 20878
(39.1388830108, -77.2307127305)"
ELEMENTARY SCHOOLS,Travilah ES,13801 DuFief Mill Rd,North Potomac,20878,301-840-7153,http://www.montgomeryschoolsmd.org/schools/travilahes,-77.2486226133,39.0824785544,"13801 DuFief Mill Rd
North Potomac, MD 20878
(39.0824785544, -77.2486226133)"
ELEMENTARY SCHOOLS,Rachel Carson ES,100 Tschiffely Square Rd,Gaithersburg,20878,301-840-5333,http://www.montgomeryschoolsmd.org/schools/rachelcarsones,-77.2470359348,39.1170772504,"100 Tschiffely Square Rd
Gaithersburg, MD 20878
(39.1170772504, -77.2470359348)"
ELEMENTARY SCHOOLS,Darnestown ES,15030 Turkey Foot Rd,Gaithersburg,20878,301-840-7157,http://www.montgomeryschoolsmd.org/schools/darnestownes,-77.2847480232,39.1025388648,"15030 Turkey Foot Rd
Gaithersburg, MD 20878
(39.1025388648, -77.2847480232)"
ELEMENTARY SCHOOLS,Jones Lane ES,15110 Jones La,Gaithersburg,20878,301-840-8160,http://www.montgomeryschoolsmd.org/schools/joneslanees,-77.2658471483,39.1033700765,"15110 Jones La
Gaithersburg, MD 20878
(39.1033700765, -77.2658471483)"
ELEMENTARY SCHOOLS,Fields Road ES,1 School Dr,Gaithersburg,20878,301-840-7131,http://www.montgomeryschoolsmd.org/schools/fieldsroades,-77.2152401168,39.118795239,"1 School Dr
Gaithersburg, MD 20878
(39.118795239, -77.2152401168)"
ELEMENTARY SCHOOLS,Stone Mill ES,14323 Stonebridge View Dr,North Potomac,20878,301-279-4975,http://www.montgomeryschoolsmd.org/schools/stonemilles,-77.2144612215,39.0916377183,"14323 Stonebridge View Dr
North Potomac, MD 20878
(39.0916377183, -77.2144612215)"
ELEMENTARY SCHOOLS,Little Bennett ES,23930 Burdette Forest Rd,Clarksburg,20871,301-540-5535,http://www.montgomeryschoolsmd.org/schools/littlebennettes,-77.2753630947,39.246445809,"23930 Burdette Forest Rd
Clarksburg, MD 20871
(39.246445809, -77.2753630947)"
ELEMENTARY SCHOOLS,Sargent Shriver ES,12518 Greenly Dr,Silver Spring,20906,301-929-4426,http://www.montgomeryschoolsmd.org/schools/shriveres,-77.0791590245,39.0615504152,"12518 Greenly Dr
Silver Spring, MD 20906
(39.0615504152, -77.0791590245)"
ELEMENTARY SCHOOLS,Roscoe R Nix ES,1100 Corliss St,Silver Spring,20903,301-422-5070,http://www.montgomeryschoolsmd.org/schools/nixes,-76.9896552883,39.0168668083,"1100 Corliss St
Silver Spring, MD 20903
(39.0168668083, -76.9896552883)"
ELEMENTARY SCHOOLS,Great Seneca Creek ES,13010 Dairymaid Dr,Germantown,20874,301-353-8500,http://www.montgomeryschoolsmd.org/schools/greatsenecacreekes,-77.2691896298,39.1522616814,"13010 Dairymaid Dr
Germantown, MD 20874
(39.1522616814, -77.2691896298)"
ELEMENTARY SCHOOLS,Arcola ES,1820 Franwall Ave,Silver Spring,20902,301-649-8590,http://www.montgomeryschoolsmd.org/schools/arcolaes,-77.0393881959,39.0455588679,"1820 Franwall Ave
Silver Spring, MD 20902
(39.0455588679, -77.0393881959)"
ELEMENTARY SCHOOLS,William B Gibbs Jr ES,12615 Royal Crown Dr,Clarksburg,20876,301-353-0800,http://www.montgomeryschoolsmd.org/schools/gibbses/,-77.2596251938,39.2057196485,"12615 Royal Crown Dr
Clarksburg, MD 20876
(39.2057196485, -77.2596251938)"
ELEMENTARY SCHOOLS,Cannon Road ES (at Fairland Center),13313 Old Columbia Pike,Silver Spring,20904,301-989-5662,http://www.montgomeryschoolsmd.org/schools/cannonroades,-76.9578934897,39.0746038591,"13313 Old Columbia Pike
Silver Spring, MD 20904
(39.0746038591, -76.9578934897)"
ELEMENTARY SCHOOLS,Beverly Farms ES (at North Lake Center),15101 Bauer Dr,Rockville,20853,301-469-1050,http://www.montgomeryschoolsmd.org/schools/beverlyfarmses,-77.1040071157,39.1027313861,"15101 Bauer Dr
Rockville, MD 20853
(39.1027313861, -77.1040071157)"
ELEMENTARY SCHOOLS,Carderock Springs ES,7401 Persimmon Tree La,Bethesda,20817,301-469-1034,http://www.montgomeryschoolsmd.org/schools/carderockspringses,-77.1717600546,38.9832956271,"7401 Persimmon Tree La
Bethesda, MD 20817
(38.9832956271, -77.1717600546)"
ELEMENTARY SCHOOLS,Downcounty Consortium ES (2012),2600 Hayden Dr,Silver Spring,20902,301-309-6277,http://www.montgomeryschoolsmd.org/,-77.0545584109,39.0191171311,"2600 Hayden Dr
Silver Spring, MD 20902
(39.0191171311, -77.0545584109)"
ELEMENTARY SCHOOLS,Garrett Park ES (at Grosvenor Center),5701 Grosvenor La,Bethesda,20814,301-929-2170,http://www.montgomeryschoolsmd.org/schools/garrettparkes,-77.1141310594,39.0235338133,"5701 Grosvenor La
Bethesda, MD 20814
(39.0235338133, -77.1141310594)"
ELEMENTARY SCHOOLS,Fallsmead ES,1800 Greenplace Ter,Rockville,20850,301-279-4984,http://www.montgomeryschoolsmd.org/schools/fallsmeades,-77.1765379964,39.0779606451,"1800 Greenplace Ter
Rockville, MD 20850
(39.0779606451, -77.1765379964)"
ELEMENTARY SCHOOLS,Beall ES,451 Beall Ave,Rockville,20850,301-279-8460,http://www.montgomeryschoolsmd.org/schools/bealles,-77.161758368,39.0877753931,"451 Beall Ave
Rockville, MD 20850
(39.0877753931, -77.161758368)"
ELEMENTARY SCHOOLS,College Gardens ES,1700 Yale Pl,Rockville,20850,301-279-8470,http://www.montgomeryschoolsmd.org/schools/collegegardenses,-77.1627838116,39.1028873778,"1700 Yale Pl
Rockville, MD 20850
(39.1028873778, -77.1627838116)"
ELEMENTARY SCHOOLS,Dufief ES,15001 DuFief Dr,Gaithersburg,20878,301-279-4980,http://www.montgomeryschoolsmd.org/schools/dufiefes,-77.2375326482,39.1018337081,"15001 DuFief Dr
Gaithersburg, MD 20878
(39.1018337081, -77.2375326482)"
ELEMENTARY SCHOOLS,Maryvale ES,1000 First St,Rockville,20850,301-279-4990,http://www.montgomeryschoolsmd.org/schools/maryvalees,-77.1369670183,39.0912671214,"1000 First St
Rockville, MD 20850
(39.0912671214, -77.1369670183)"
ELEMENTARY SCHOOLS,Meadow Hall ES,951 Twinbrook Pkwy,Rockville,20851,301-279-4988,http://www.montgomeryschoolsmd.org/schools/meadowhalles,-77.1164059038,39.0843521349,"951 Twinbrook Pkwy
Rockville, MD 20851
(39.0843521349, -77.1164059038)"
ELEMENTARY SCHOOLS,Lucy V Barnsley ES,14516 Nadine Dr,Rockville,20853,301-460-2121,http://www.montgomeryschoolsmd.org/schools/barnsleyes,-77.103587056,39.0941208289,"14516 Nadine Dr
Rockville, MD 20853
(39.0941208289, -77.103587056)"
ELEMENTARY SCHOOLS,Twinbrook ES,5911 Ridgeway Ave,Rockville,20851,301-230-5925,http://www.montgomeryschoolsmd.org/schools/twinbrookes,-77.1200953184,39.0687280318,"5911 Ridgeway Ave
Rockville, MD 20851
(39.0687280318, -77.1200953184)"
ELEMENTARY SCHOOLS,Rock Creek Valley ES,5121 Russett Rd,Rockville,20853,301-460-2195,http://www.montgomeryschoolsmd.org/schools/rcvalleyes,-77.102608554,39.0832114316,"5121 Russett Rd
Rockville, MD 20853
(39.0832114316, -77.102608554)"
ELEMENTARY SCHOOLS,Brookhaven ES,4610 Renn St,Rockville,20853,301-460-2140,http://www.montgomeryschoolsmd.org/schools/brookhavenes,-77.0925980063,39.0822509877,"4610 Renn St
Rockville, MD 20853
(39.0822509877, -77.0925980063)"
ELEMENTARY SCHOOLS,Flower Valley ES,4615 Sunflower Dr,Rockville,20853,301-924-3135,http://www.montgomeryschoolsmd.org/schools/flowervalleyes,-77.0930515019,39.1057704102,"4615 Sunflower Dr
Rockville, MD 20853
(39.1057704102, -77.0930515019)"
ELEMENTARY SCHOOLS,Strathmore ES,3200 Beaverwood La,Silver Spring,20906,301-460-2135,http://www.montgomeryschoolsmd.org/schools/strathmorees,-77.0654349871,39.0860669739,"3200 Beaverwood La
Silver Spring, MD 20906
(39.0860669739, -77.0654349871)"
ELEMENTARY SCHOOLS,Judith A Resnik ES,7301 Hadley Farms Dr,Gaithersburg,20879,301-670-8200,http://www.montgomeryschoolsmd.org/schools/resnikes,-77.1519858022,39.181576738,"7301 Hadley Farms Dr
Gaithersburg, MD 20879
(39.181576738, -77.1519858022)"
ELEMENTARY SCHOOLS,Laytonsville ES,21401 Laytonsville Rd,Laytonsville,20882,301-840-7145,http://www.montgomeryschoolsmd.org/schools/laytonsvillees,-77.1403377171,39.2070466834,"21401 Laytonsville Rd
Laytonsville, MD 20882
(39.2070466834, -77.1403377171)"
ELEMENTARY SCHOOLS,Goshen ES,8701 Warfield Rd,Gaithersburg,20882,301-840-8165,http://www.montgomeryschoolsmd.org/schools/goshenes,-77.1798890434,39.194373374,"8701 Warfield Rd
Gaithersburg, MD 20882
(39.194373374, -77.1798890434)"
ELEMENTARY SCHOOLS,Ronald McNair ES,13881 Hopkins Rd,Germantown,20874,301-353-0854,http://www.montgomeryschoolsmd.org/schools/ronaldmcnaires,-77.2905682704,39.1697657621,"13881 Hopkins Rd
Germantown, MD 20874
(39.1697657621, -77.2905682704)"
ELEMENTARY SCHOOLS,Lake Seneca ES,13600 Wanegarden Dr,Germantown,20874,301-353-0929,http://www.montgomeryschoolsmd.org/schools/lakesenecaes,-77.2831202702,39.1832743058,"13600 Wanegarden Dr
Germantown, MD 20874
(39.1832743058, -77.2831202702)"
ELEMENTARY SCHOOLS,Clopper Mill ES,18501 Cinnamon Dr,Germantown,20874,301-353-8065,http://www.montgomeryschoolsmd.org/schools/cloppermilles,-77.2616942414,39.1590306504,"18501 Cinnamon Dr
Germantown, MD 20874
(39.1590306504, -77.2616942414)"
ELEMENTARY SCHOOLS,Germantown ES,19110 Liberty Mill Road,Germantown,20874,301-353-8050,http://www.montgomeryschoolsmd.org/schools/germantownes,-77.27642324,39.1698143709,"19110 Liberty Mill Road
Germantown, MD 20874
(39.1698143709, -77.27642324)"
ELEMENTARY SCHOOLS,Poolesville ES,19565 Fisher Ave,Poolesville,20837,301-972-7960,http://www.montgomeryschoolsmd.org/schools/poolesvillees,-77.4074075374,39.1440313164,"19565 Fisher Ave
Poolesville, MD 20837
(39.1440313164, -77.4074075374)"
ELEMENTARY SCHOOLS,Monocacy ES,18801 Barnesville Rd,Dickerson,20842,301-972-7990,http://www.montgomeryschoolsmd.org/schools/monocacyes,-77.392841199,39.224265906,"18801 Barnesville Rd
Dickerson, MD 20842
(39.224265906, -77.392841199)"
